,mean,sd,hdi_3%,hdi_97%,mcse_mean,mcse_sd,ess_bulk,ess_tail,r_hat
f_rotated_[0],2.781,0.241,2.349,3.248,0.004,0.003,4109.0,3038.0,1.0
f_rotated_[1],0.518,0.425,-0.241,1.354,0.006,0.004,4821.0,2756.0,1.0
f_rotated_[2],0.741,0.556,-0.352,1.715,0.008,0.006,4828.0,3106.0,1.0
f_rotated_[3],2.524,0.424,1.701,3.306,0.007,0.005,4235.0,3302.0,1.0
f_rotated_[4],1.384,0.365,0.695,2.036,0.005,0.004,4781.0,3148.0,1.0
f_rotated_[5],1.257,0.434,0.451,2.086,0.006,0.004,5132.0,2671.0,1.0
f_rotated_[6],4.756,0.279,4.252,5.278,0.004,0.003,5063.0,2899.0,1.0
f_rotated_[7],-0.361,0.379,-1.071,0.323,0.006,0.005,3997.0,3355.0,1.0
f_rotated_[8],1.656,0.485,0.773,2.594,0.007,0.005,5557.0,3632.0,1.0
f_rotated_[9],1.631,0.424,0.897,2.486,0.006,0.004,5623.0,3508.0,1.0
f_rotated_[10],1.641,0.391,0.865,2.324,0.005,0.004,5384.0,3367.0,1.0
f_rotated_[11],1.584,0.383,0.813,2.237,0.005,0.004,5598.0,3645.0,1.0
f_rotated_[12],1.854,0.363,1.198,2.548,0.005,0.004,5510.0,3686.0,1.0
f_rotated_[13],2.934,0.277,2.412,3.454,0.004,0.003,5582.0,3756.0,1.0
f_rotated_[14],1.316,0.31,0.71,1.894,0.004,0.003,5702.0,3296.0,1.0
f_rotated_[15],2.15,0.337,1.479,2.758,0.004,0.003,6798.0,2646.0,1.0
f_rotated_[16],2.957,0.263,2.45,3.432,0.003,0.002,6507.0,3416.0,1.0
f_rotated_[17],2.917,0.209,2.538,3.31,0.003,0.002,4288.0,2920.0,1.0
f_rotated_[18],0.058,0.421,-0.752,0.824,0.006,0.006,4681.0,2872.0,1.0
f_rotated_[19],3.011,0.362,2.314,3.684,0.006,0.004,4139.0,2868.0,1.0
f_rotated_[20],1.784,0.31,1.226,2.371,0.005,0.003,4313.0,2860.0,1.0
f_rotated_[21],1.52,0.357,0.838,2.169,0.005,0.004,4787.0,3404.0,1.0
f_rotated_[22],5.082,0.227,4.687,5.533,0.003,0.002,5095.0,3292.0,1.0
f_rotated_[23],-0.589,0.37,-1.223,0.17,0.006,0.005,3815.0,3329.0,1.0
f_rotated_[24],3.429,0.331,2.788,4.025,0.005,0.004,4394.0,3324.0,1.0
f_rotated_[25],3.319,0.224,2.911,3.747,0.004,0.003,4006.0,3848.0,1.0
f_rotated_[26],2.366,0.198,1.998,2.728,0.003,0.002,3964.0,3396.0,1.0
f_rotated_[27],2.011,0.258,1.537,2.516,0.004,0.003,4092.0,3267.0,1.0
f_rotated_[28],1.412,0.354,0.696,2.021,0.005,0.004,5167.0,3456.0,1.0
f_rotated_[29],2.082,0.357,1.393,2.732,0.005,0.003,5469.0,3127.0,1.0
f_rotated_[30],1.072,0.411,0.331,1.869,0.007,0.005,3789.0,3354.0,1.0
f_rotated_[31],2.253,0.373,1.552,2.938,0.007,0.005,3055.0,2787.0,1.0
f_rotated_[32],3.207,0.265,2.744,3.733,0.005,0.003,3152.0,2775.0,1.0
f_rotated_[33],0.216,0.395,-0.515,0.95,0.007,0.006,2820.0,2459.0,1.0
f_rotated_[34],6.127,0.255,5.639,6.579,0.005,0.003,2682.0,2513.0,1.0
f_rotated_[35],0.904,0.243,0.432,1.341,0.006,0.004,1845.0,2707.0,1.0
f_rotated_[36],4.819,0.166,4.502,5.125,0.003,0.002,2855.0,3457.0,1.0
f_rotated_[37],0.705,0.266,0.23,1.22,0.005,0.004,2811.0,2704.0,1.0
f_rotated_[38],4.013,0.213,3.62,4.422,0.004,0.003,3224.0,3007.0,1.0
f_rotated_[39],2.138,0.211,1.742,2.529,0.004,0.003,2945.0,3423.0,1.0
f_rotated_[40],5.114,0.137,4.864,5.374,0.002,0.001,4250.0,3343.0,1.0
f_rotated_[41],0.842,0.244,0.369,1.293,0.005,0.003,2615.0,2948.0,1.0
f_rotated_[42],1.773,0.368,1.069,2.442,0.005,0.004,4622.0,2859.0,1.0
f_rotated_[43],4.4,0.244,3.982,4.902,0.004,0.003,4602.0,2997.0,1.0
f_rotated_[44],3.333,0.166,3.018,3.64,0.003,0.002,3932.0,3223.0,1.0
f_rotated_[45],0.538,0.325,-0.074,1.133,0.006,0.004,3134.0,2815.0,1.0
f_rotated_[46],0.547,0.549,-0.552,1.522,0.008,0.006,5318.0,3250.0,1.0
f_rotated_[47],2.361,0.441,1.565,3.209,0.006,0.005,4798.0,3106.0,1.0
f_rotated_[48],2.521,0.316,1.912,3.088,0.005,0.003,4495.0,3032.0,1.0
f_rotated_[49],-0.486,0.532,-1.516,0.438,0.011,0.008,2439.0,2495.0,1.0
f_rotated_[50],3.831,0.384,3.097,4.544,0.008,0.006,2487.0,2467.0,1.0
f_rotated_[51],3.136,0.244,2.678,3.593,0.005,0.003,2619.0,2731.0,1.0
f_rotated_[52],1.539,0.257,1.071,2.029,0.004,0.003,4693.0,3242.0,1.0
f_rotated_[53],4.606,0.183,4.271,4.956,0.002,0.002,5580.0,2635.0,1.0
f_rotated_[54],1.625,0.216,1.208,2.011,0.004,0.003,2765.0,2809.0,1.0
f_rotated_[55],1.44,0.338,0.811,2.071,0.006,0.004,2916.0,2613.0,1.0
f_rotated_[56],3.574,0.257,3.085,4.05,0.005,0.003,2898.0,2649.0,1.0
f_rotated_[57],-0.066,0.405,-0.865,0.638,0.009,0.006,2235.0,2454.0,1.0
f_rotated_[58],6.394,0.266,5.882,6.872,0.006,0.004,2205.0,2478.0,1.0
f_rotated_[59],2.739,0.201,2.359,3.098,0.005,0.004,1583.0,2592.0,1.0
f_rotated_[60],2.243,0.196,1.869,2.608,0.003,0.002,3781.0,3088.0,1.0
f_rotated_[61],1.577,0.309,0.93,2.101,0.004,0.003,5595.0,3676.0,1.0
f_rotated_[62],3.152,0.258,2.66,3.642,0.004,0.003,5148.0,3593.0,1.0
f_rotated_[63],1.348,0.303,0.792,1.916,0.004,0.003,4942.0,3643.0,1.0
f_rotated_[64],1.918,0.345,1.264,2.558,0.006,0.004,3933.0,2797.0,1.0
f_rotated_[65],1.461,0.382,0.725,2.154,0.007,0.005,3011.0,2685.0,1.0
f_rotated_[66],3.376,0.281,2.857,3.914,0.005,0.003,3495.0,3266.0,1.0
f_rotated_[67],4.042,0.178,3.702,4.37,0.003,0.002,3659.0,3468.0,1.0
f_rotated_[68],2.454,0.171,2.139,2.775,0.003,0.002,3117.0,3096.0,1.0
f_rotated_[69],1.384,0.295,0.84,1.938,0.004,0.003,5797.0,2838.0,1.0
f_rotated_[70],4.232,0.218,3.832,4.649,0.003,0.002,5901.0,3117.0,1.0
f_rotated_[71],0.53,0.318,-0.082,1.107,0.005,0.004,3567.0,3156.0,1.0
f_rotated_[72],2.286,0.36,1.611,2.971,0.005,0.004,4661.0,3187.0,1.0
f_rotated_[73],1.344,0.383,0.669,2.116,0.006,0.004,4610.0,3009.0,1.0
f_rotated_[74],0.654,0.505,-0.302,1.597,0.007,0.005,5714.0,3709.0,1.0
f_rotated_[75],1.738,0.459,0.899,2.579,0.006,0.004,5563.0,3269.0,1.0
f_rotated_[76],1.105,0.452,0.237,1.926,0.007,0.005,3966.0,3442.0,1.0
f_rotated_[77],2.163,0.385,1.388,2.846,0.006,0.005,3581.0,3272.0,1.0
f_rotated_[78],1.504,0.372,0.807,2.218,0.006,0.004,3768.0,3310.0,1.0
f_rotated_[79],3.282,0.276,2.76,3.801,0.004,0.003,3971.0,3470.0,1.0
f_rotated_[80],3.559,0.19,3.192,3.892,0.003,0.002,3871.0,3535.0,1.0
f_rotated_[81],2.486,0.178,2.145,2.802,0.003,0.002,4424.0,3287.0,1.0
f_rotated_[82],2.452,0.212,2.081,2.877,0.003,0.002,5917.0,3588.0,1.0
f_rotated_[83],1.449,0.311,0.876,2.028,0.005,0.003,4667.0,3073.0,1.0
f_rotated_[84],5.73,0.2,5.345,6.09,0.003,0.002,4355.0,3076.0,1.0
f_rotated_[85],-0.602,0.341,-1.244,0.037,0.007,0.005,2528.0,2716.0,1.0
f_rotated_[86],1.721,0.473,0.784,2.578,0.011,0.008,1753.0,1891.0,1.0
f_rotated_[87],2.994,0.343,2.332,3.627,0.008,0.006,1895.0,2041.0,1.0
f_rotated_[88],5.116,0.196,4.764,5.504,0.004,0.003,2139.0,2328.0,1.0
f_rotated_[89],0.725,0.242,0.275,1.172,0.005,0.003,2821.0,3028.0,1.0
f_rotated_[90],4.31,0.192,3.979,4.686,0.003,0.002,3629.0,3458.0,1.0
f_rotated_[91],1.5,0.231,1.065,1.925,0.004,0.003,3123.0,2924.0,1.0
f_rotated_[92],3.293,0.209,2.901,3.684,0.003,0.002,5411.0,3365.0,1.0
f_rotated_[93],0.149,0.405,-0.611,0.902,0.006,0.006,5253.0,3058.0,1.0
f_rotated_[94],5.965,0.263,5.498,6.478,0.004,0.003,4873.0,3112.0,1.0
f_rotated_[95],-0.737,0.34,-1.383,-0.111,0.006,0.004,3446.0,3520.0,1.0
f_rotated_[96],4.62,0.263,4.117,5.104,0.004,0.003,4024.0,3547.0,1.0
f_rotated_[97],-0.177,0.373,-0.895,0.505,0.006,0.005,3984.0,3175.0,1.0
f_rotated_[98],3.72,0.3,3.19,4.313,0.004,0.003,4710.0,3833.0,1.0
f_rotated_[99],0.681,0.35,0.035,1.347,0.005,0.004,4637.0,3396.0,1.0
f_rotated_[100],1.503,0.433,0.679,2.299,0.007,0.005,4374.0,3038.0,1.0
f_rotated_[101],2.3,0.361,1.652,3.007,0.005,0.004,4669.0,3491.0,1.0
f_rotated_[102],3.982,0.236,3.518,4.411,0.003,0.002,4665.0,3410.0,1.0
f_rotated_[103],1.883,0.22,1.469,2.283,0.004,0.003,3260.0,3578.0,1.0
f_rotated_[104],1.925,0.287,1.38,2.45,0.004,0.003,5605.0,2519.0,1.0
f_rotated_[105],3.322,0.234,2.906,3.772,0.003,0.002,4935.0,3341.0,1.0
f_rotated_[106],1.139,0.299,0.564,1.678,0.005,0.003,3980.0,4002.0,1.0
f_rotated_[107],1.83,0.364,1.106,2.477,0.005,0.004,4585.0,3769.0,1.0
f_rotated_[108],1.434,0.394,0.702,2.161,0.005,0.004,5160.0,3677.0,1.0
f_rotated_[109],0.451,0.518,-0.524,1.403,0.007,0.006,5901.0,2722.0,1.0
f_rotated_[110],1.98,0.467,1.133,2.863,0.006,0.005,5367.0,3120.0,1.0
f_rotated_[111],1.413,0.416,0.622,2.164,0.005,0.004,6131.0,3454.0,1.0
f_rotated_[112],3.172,0.302,2.603,3.722,0.004,0.003,5853.0,3364.0,1.0
f_rotated_[113],0.795,0.355,0.103,1.441,0.005,0.004,4557.0,3525.0,1.0
f_rotated_[114],0.206,0.586,-0.886,1.319,0.008,0.009,6308.0,2914.0,1.0
f_rotated_[115],3.906,0.393,3.143,4.601,0.005,0.004,6306.0,2995.0,1.0
f_rotated_[116],0.912,0.343,0.255,1.545,0.005,0.004,4127.0,3071.0,1.0
f_rotated_[117],1.815,0.389,1.044,2.49,0.005,0.004,5686.0,3629.0,1.0
f_rotated_[118],1.18,0.431,0.374,1.97,0.006,0.004,5620.0,3602.0,1.0
f_rotated_[119],0.863,0.493,-0.05,1.831,0.007,0.006,4735.0,2583.0,1.0
f_rotated_[120],3.609,0.34,2.985,4.267,0.005,0.004,4549.0,2763.0,1.0
f_rotated_[121],1.109,0.31,0.476,1.656,0.005,0.003,4393.0,3992.0,1.0
f_rotated_[122],2.823,0.285,2.271,3.328,0.004,0.003,4865.0,3883.0,1.0
f_rotated_[123],1.091,0.351,0.418,1.738,0.005,0.004,4892.0,3424.0,1.0
f_rotated_[124],1.979,0.367,1.283,2.661,0.005,0.003,5792.0,3269.0,1.0
f_rotated_[125],1.338,0.39,0.565,2.028,0.006,0.004,4357.0,2918.0,1.0
f_rotated_[126],1.616,0.403,0.819,2.323,0.007,0.005,3473.0,3135.0,1.0
f_rotated_[127],3.857,0.271,3.34,4.362,0.005,0.003,3371.0,3107.0,1.0
f_rotated_[128],1.046,0.282,0.49,1.547,0.006,0.004,2414.0,2880.0,1.0
f_rotated_[129],4.033,0.216,3.631,4.438,0.004,0.003,2622.0,2784.0,1.0
f_rotated_[130],1.707,0.23,1.263,2.127,0.004,0.003,2812.0,2971.0,1.0
f_rotated_[131],5.881,0.149,5.601,6.165,0.003,0.002,2948.0,3073.0,1.0
f_rotated_[132],2.754,0.165,2.447,3.061,0.004,0.003,1600.0,2386.0,1.0
f_rotated_[133],3.323,0.129,3.084,3.567,0.002,0.001,4077.0,3345.0,1.0
f_rotated_[134],2.5,0.182,2.167,2.838,0.003,0.002,3362.0,2954.0,1.0
f_rotated_[135],1.165,0.329,0.553,1.784,0.004,0.003,6443.0,3064.0,1.0
f_rotated_[136],2.984,0.293,2.432,3.528,0.004,0.003,6690.0,3135.0,1.0
f_rotated_[137],1.571,0.3,0.99,2.122,0.004,0.003,5594.0,3484.0,1.0
f_rotated_[138],2.904,0.256,2.386,3.366,0.004,0.003,5058.0,3405.0,1.0
f_rotated_[139],1.157,0.319,0.551,1.728,0.005,0.003,4524.0,3491.0,1.0
f_rotated_[140],2.357,0.323,1.743,2.945,0.005,0.003,4861.0,3436.0,1.0
f_rotated_[141],1.019,0.391,0.294,1.737,0.005,0.004,5669.0,3144.0,1.0
f_rotated_[142],1.513,0.43,0.724,2.337,0.005,0.004,6581.0,2911.0,1.0
f_rotated_[143],2.231,0.361,1.526,2.892,0.005,0.003,5833.0,3418.0,1.0
f_rotated_[144],1.371,0.372,0.659,2.049,0.005,0.004,5539.0,3442.0,1.0
f_rotated_[145],2.045,0.356,1.363,2.686,0.005,0.003,5416.0,3652.0,1.0
f_rotated_[146],2.26,0.314,1.643,2.84,0.004,0.003,4906.0,3332.0,1.0
f_rotated_[147],-0.239,0.533,-1.33,0.66,0.007,0.008,6148.0,2971.0,1.0
f_rotated_[148],2.725,0.43,1.923,3.511,0.006,0.004,5834.0,3098.0,1.0
f_rotated_[149],0.926,0.41,0.2,1.744,0.006,0.004,5529.0,3559.0,1.0
f_rotated_[150],3.128,0.315,2.554,3.732,0.004,0.003,5824.0,3607.0,1.0
f_rotated_[151],1.791,0.286,1.233,2.29,0.005,0.003,3898.0,3375.0,1.0
f_rotated_[152],0.992,0.416,0.172,1.736,0.006,0.004,5786.0,2987.0,1.0
f_rotated_[153],2.32,0.383,1.601,3.025,0.005,0.004,5464.0,3232.0,1.0
f_rotated_[154],1.133,0.399,0.413,1.889,0.005,0.004,5931.0,3079.0,1.0
f_rotated_[155],2.874,0.318,2.322,3.519,0.004,0.003,5880.0,3618.0,1.0
f_rotated_[156],1.339,0.332,0.726,1.985,0.005,0.003,5228.0,3553.0,1.0
f_rotated_[157],3.28,0.262,2.77,3.751,0.004,0.003,4880.0,3647.0,1.0
f_rotated_[158],0.978,0.335,0.33,1.585,0.005,0.004,4365.0,3317.0,1.0
f_rotated_[159],1.662,0.39,0.928,2.381,0.005,0.004,5298.0,3429.0,1.0
f_rotated_[160],1.869,0.374,1.134,2.553,0.005,0.003,6559.0,3386.0,1.0
f_rotated_[161],2.051,0.338,1.457,2.723,0.004,0.003,5778.0,3672.0,1.0
f_rotated_[162],1.548,0.359,0.867,2.211,0.005,0.004,4974.0,3137.0,1.0
f_rotated_[163],1.802,0.367,1.1,2.493,0.005,0.004,5614.0,3324.0,1.0
f_rotated_[164],2.377,0.31,1.782,2.925,0.004,0.003,5500.0,3716.0,1.0
f_rotated_[165],1.635,0.323,1.019,2.234,0.004,0.003,5263.0,3714.0,1.0
f_rotated_[166],2.15,0.315,1.582,2.787,0.004,0.003,5846.0,3241.0,1.0
f_rotated_[167],2.387,0.283,1.878,2.941,0.004,0.003,5300.0,3430.0,1.0
f_rotated_[168],2.16,0.274,1.619,2.652,0.004,0.003,4797.0,3760.0,1.0
f_rotated_[169],1.805,0.306,1.259,2.401,0.004,0.003,5431.0,3397.0,1.0
f_rotated_[170],2.595,0.276,2.053,3.09,0.004,0.003,5395.0,3431.0,1.0
f_rotated_[171],0.333,0.433,-0.459,1.157,0.006,0.005,6227.0,3128.0,1.0
f_rotated_[172],2.537,0.385,1.789,3.246,0.005,0.004,6169.0,2920.0,1.0
f_rotated_[173],1.677,0.346,1.031,2.331,0.005,0.003,5011.0,3482.0,1.0
f_rotated_[174],2.748,0.286,2.212,3.29,0.004,0.003,4524.0,3638.0,1.0
f_rotated_[175],0.991,0.366,0.264,1.63,0.006,0.004,3766.0,3273.0,1.0
f_rotated_[176],0.676,0.532,-0.382,1.615,0.008,0.006,3980.0,3300.0,1.0
f_rotated_[177],2.308,0.454,1.505,3.201,0.007,0.005,4053.0,3809.0,1.0
l,0.825,0.016,0.795,0.856,0.0,0.0,1178.0,1794.0,1.0
f[0],2.781,0.241,2.349,3.248,0.004,0.003,4109.0,3038.0,1.0
f[1],1.788,0.359,1.131,2.47,0.005,0.004,4395.0,2848.0,1.0
f[2],1.047,0.46,0.213,1.919,0.007,0.005,4537.0,3177.0,1.0
f[3],2.566,0.26,2.088,3.057,0.004,0.003,4450.0,3438.0,1.0
f[4],2.55,0.255,2.079,3.022,0.003,0.002,5638.0,3621.0,1.0
f[5],1.95,0.341,1.323,2.568,0.005,0.003,5719.0,2844.0,1.0
f[6],4.781,0.091,4.611,4.95,0.001,0.001,3792.0,2866.0,1.0
f[7],2.284,0.296,1.712,2.817,0.004,0.003,4420.0,3162.0,1.0
f[8],1.506,0.388,0.749,2.179,0.005,0.004,5623.0,3804.0,1.0
f[9],2.241,0.299,1.663,2.777,0.004,0.003,4510.0,3891.0,1.0
f[10],2.353,0.285,1.827,2.877,0.004,0.003,4221.0,3252.0,1.0
f[11],2.311,0.285,1.763,2.814,0.004,0.003,5083.0,3409.0,1.0
f[12],2.51,0.261,2.031,3.009,0.004,0.003,4627.0,3869.0,1.0
f[13],3.564,0.163,3.265,3.876,0.002,0.002,4428.0,3096.0,1.0
f[14],2.78,0.235,2.331,3.215,0.003,0.002,5246.0,3655.0,1.0
f[15],2.699,0.247,2.24,3.16,0.003,0.002,5862.0,3591.0,1.0
f[16],3.725,0.15,3.431,3.99,0.002,0.002,4337.0,3515.0,1.0
f[17],4.166,0.123,3.937,4.396,0.002,0.001,4032.0,2794.0,1.0
f[18],1.773,0.351,1.133,2.45,0.005,0.004,4791.0,3658.0,1.0
f[19],2.765,0.233,2.342,3.219,0.003,0.002,5465.0,3362.0,1.0
f[20],3.109,0.203,2.731,3.487,0.003,0.002,5690.0,3518.0,1.0
f[21],2.413,0.276,1.87,2.905,0.004,0.003,5130.0,3314.0,1.0
f[22],5.221,0.071,5.091,5.355,0.001,0.001,4071.0,2688.0,1.0
f[23],2.28,0.291,1.725,2.794,0.004,0.003,4856.0,3001.0,1.0
f[24],2.907,0.217,2.527,3.338,0.003,0.002,5305.0,2504.0,1.0
f[25],4.593,0.101,4.387,4.77,0.002,0.001,4141.0,3267.0,1.0
f[26],3.966,0.135,3.717,4.215,0.002,0.002,3631.0,3047.0,1.0
f[27],3.161,0.2,2.802,3.55,0.003,0.002,4178.0,3356.0,1.0
f[28],2.408,0.277,1.875,2.91,0.004,0.003,4914.0,3573.0,1.0
f[29],2.635,0.253,2.157,3.107,0.004,0.003,4338.0,3331.0,1.0
f[30],2.097,0.313,1.495,2.67,0.005,0.003,4182.0,3690.0,1.0
f[31],2.604,0.258,2.125,3.085,0.004,0.003,4415.0,3371.0,1.0
f[32],3.975,0.134,3.701,4.206,0.002,0.001,4171.0,3193.0,1.0
f[33],2.015,0.322,1.428,2.641,0.006,0.004,3122.0,2602.0,1.0
f[34],5.504,0.062,5.394,5.626,0.001,0.001,4482.0,3028.0,1.0
f[35],4.018,0.132,3.761,4.253,0.002,0.001,5105.0,3202.0,1.0
f[36],4.934,0.084,4.787,5.1,0.001,0.001,4461.0,3190.0,1.0
f[37],3.206,0.193,2.841,3.567,0.003,0.002,4431.0,3244.0,1.0
f[38],4.068,0.129,3.821,4.304,0.002,0.001,4492.0,3361.0,1.0
f[39],3.98,0.134,3.736,4.234,0.002,0.001,5489.0,3585.0,1.0
f[40],5.707,0.059,5.599,5.822,0.001,0.001,4256.0,2693.0,1.0
f[41],3.552,0.164,3.248,3.859,0.002,0.002,5899.0,3037.0,1.0
f[42],2.263,0.295,1.73,2.817,0.004,0.003,5124.0,3174.0,1.0
f[43],4.722,0.092,4.552,4.903,0.001,0.001,4207.0,2768.0,1.0
f[44],5.256,0.072,5.118,5.386,0.001,0.001,3975.0,2809.0,1.0
f[45],2.488,0.266,1.976,2.961,0.005,0.003,3572.0,2492.0,1.0
f[46],0.959,0.459,0.058,1.765,0.007,0.005,4632.0,3611.0,1.0
f[47],2.327,0.285,1.804,2.873,0.004,0.003,5170.0,3355.0,1.0
f[48],3.417,0.173,3.095,3.745,0.003,0.002,3861.0,2705.0,1.0
f[49],1.064,0.446,0.214,1.872,0.009,0.006,2604.0,2575.0,1.0
f[50],3.147,0.203,2.767,3.52,0.003,0.002,6230.0,3087.0,1.0
f[51],4.653,0.097,4.466,4.827,0.002,0.001,4004.0,2685.0,1.0
f[52],3.193,0.195,2.832,3.561,0.002,0.002,6213.0,3000.0,1.0
f[53],4.911,0.087,4.746,5.069,0.001,0.001,4134.0,2668.0,1.0
f[54],3.907,0.14,3.658,4.177,0.002,0.002,3630.0,2779.0,1.0
f[55],2.362,0.277,1.857,2.884,0.005,0.004,3078.0,3018.0,1.0
f[56],3.895,0.139,3.638,4.158,0.002,0.001,5212.0,3053.0,1.0
f[57],1.921,0.333,1.286,2.523,0.007,0.005,2609.0,2644.0,1.0
f[58],5.602,0.061,5.487,5.713,0.001,0.001,4223.0,3108.0,1.0
f[59],5.697,0.058,5.594,5.806,0.001,0.001,4142.0,3528.0,1.0
f[60],3.738,0.153,3.44,4.017,0.002,0.002,3989.0,3183.0,1.0
f[61],2.697,0.245,2.252,3.164,0.003,0.002,5153.0,3801.0,1.0
f[62],3.644,0.159,3.346,3.943,0.002,0.002,4425.0,3450.0,1.0
f[63],2.906,0.228,2.484,3.33,0.003,0.002,4630.0,3331.0,1.0
f[64],2.532,0.266,2.034,3.025,0.004,0.003,4090.0,3331.0,1.0
f[65],2.337,0.287,1.813,2.892,0.005,0.003,4057.0,2951.0,1.0
f[66],3.751,0.148,3.477,4.029,0.002,0.001,5227.0,3008.0,1.0
f[67],5.298,0.07,5.161,5.425,0.001,0.001,3928.0,2898.0,1.0
f[68],4.422,0.107,4.218,4.619,0.002,0.001,3869.0,3378.0,1.0
f[69],2.721,0.24,2.261,3.153,0.003,0.002,6249.0,2938.0,1.0
f[70],4.471,0.105,4.275,4.67,0.002,0.001,3970.0,3191.0,1.0
f[71],2.772,0.244,2.299,3.196,0.004,0.003,4367.0,3773.0,1.0
f[72],2.477,0.272,1.966,2.983,0.004,0.003,4485.0,3359.0,1.0
f[73],2.384,0.286,1.838,2.895,0.004,0.003,4144.0,3520.0,1.0
f[74],1.405,0.409,0.609,2.132,0.006,0.004,4973.0,3872.0,1.0
f[75],1.904,0.346,1.26,2.535,0.005,0.004,4671.0,3319.0,1.0
f[76],1.895,0.341,1.263,2.541,0.005,0.004,4007.0,3510.0,1.0
f[77],2.523,0.262,2.041,3.017,0.004,0.003,4802.0,3229.0,1.0
f[78],2.486,0.273,1.978,3.004,0.004,0.003,5045.0,3396.0,1.0
f[79],3.708,0.157,3.408,3.99,0.002,0.002,4554.0,3246.0,1.0
f[80],4.843,0.09,4.683,5.024,0.001,0.001,4237.0,2838.0,1.0
f[81],4.188,0.121,3.956,4.406,0.002,0.001,4880.0,3576.0,1.0
f[82],3.613,0.159,3.312,3.902,0.002,0.001,5864.0,3851.0,1.0
f[83],2.679,0.245,2.23,3.14,0.003,0.002,5009.0,3127.0,1.0
f[84],5.773,0.056,5.674,5.879,0.001,0.001,3711.0,2594.0,1.0
f[85],2.608,0.254,2.144,3.085,0.004,0.003,4443.0,3057.0,1.0
f[86],1.494,0.388,0.723,2.164,0.009,0.006,1996.0,2370.0,1.0
f[87],3.415,0.176,3.072,3.729,0.002,0.002,5941.0,2703.0,1.0
f[88],6.019,0.048,5.925,6.109,0.001,0.001,3354.0,2418.0,1.0
f[89],3.501,0.172,3.185,3.822,0.002,0.002,5095.0,3386.0,1.0
f[90],4.352,0.11,4.149,4.563,0.002,0.001,4100.0,2682.0,1.0
f[91],3.598,0.16,3.302,3.894,0.002,0.002,5108.0,3430.0,1.0
f[92],3.846,0.145,3.574,4.114,0.002,0.002,4390.0,3563.0,1.0
f[93],1.962,0.343,1.333,2.605,0.005,0.004,4899.0,3353.0,1.0
f[94],5.336,0.068,5.206,5.46,0.001,0.001,3954.0,2723.0,1.0
f[95],2.539,0.257,2.025,3.003,0.004,0.002,5469.0,3280.0,1.0
f[96],3.89,0.138,3.632,4.149,0.002,0.002,4213.0,2817.0,1.0
f[97],2.253,0.296,1.718,2.823,0.004,0.003,4673.0,3104.0,1.0
f[98],3.34,0.184,2.972,3.664,0.003,0.002,4453.0,2879.0,1.0
f[99],2.536,0.259,2.053,3.003,0.004,0.003,5460.0,3612.0,1.0
f[100],1.86,0.348,1.186,2.478,0.005,0.003,5118.0,3495.0,1.0
f[101],2.788,0.234,2.36,3.232,0.003,0.002,6525.0,2971.0,1.0
f[102],4.68,0.098,4.488,4.858,0.002,0.001,3944.0,3021.0,1.0
f[103],3.841,0.144,3.571,4.105,0.002,0.002,4516.0,3453.0,1.0
f[104],2.872,0.227,2.439,3.28,0.003,0.002,4792.0,2818.0,1.0
f[105],3.951,0.14,3.694,4.215,0.002,0.002,4250.0,3027.0,1.0
f[106],2.839,0.231,2.416,3.261,0.004,0.002,4299.0,3709.0,1.0
f[107],2.358,0.28,1.821,2.867,0.004,0.003,4108.0,3353.0,1.0
f[108],2.256,0.296,1.681,2.783,0.004,0.003,4555.0,3831.0,1.0
f[109],1.253,0.43,0.437,2.035,0.006,0.004,5353.0,3392.0,1.0
f[110],2.007,0.331,1.386,2.618,0.005,0.004,4465.0,3208.0,1.0
f[111],2.272,0.291,1.742,2.82,0.004,0.003,4591.0,3055.0,1.0
f[112],3.555,0.17,3.238,3.867,0.003,0.002,4373.0,3001.0,1.0
f[113],2.438,0.269,1.93,2.923,0.004,0.003,4441.0,3441.0,1.0
f[114],0.79,0.494,-0.127,1.7,0.006,0.005,6445.0,3197.0,1.0
f[115],3.472,0.17,3.13,3.762,0.003,0.002,4046.0,2990.0,1.0
f[116],2.848,0.233,2.407,3.276,0.004,0.002,4416.0,3348.0,1.0
f[117],2.259,0.3,1.696,2.828,0.004,0.003,4870.0,3463.0,1.0
f[118],2.02,0.328,1.39,2.596,0.005,0.003,4594.0,3288.0,1.0
f[119],1.465,0.399,0.697,2.198,0.006,0.004,5003.0,3392.0,1.0
f[120],3.588,0.16,3.283,3.878,0.003,0.002,3593.0,2917.0,1.0
f[121],2.899,0.221,2.467,3.297,0.003,0.002,4304.0,3514.0,1.0
f[122],3.2,0.197,2.832,3.564,0.003,0.002,4450.0,3254.0,1.0
f[123],2.488,0.268,1.995,3.0,0.004,0.003,4639.0,3600.0,1.0
f[124],2.427,0.279,1.888,2.915,0.004,0.003,4736.0,3580.0,1.0
f[125],2.25,0.297,1.693,2.81,0.004,0.003,4528.0,2828.0,1.0
f[126],2.198,0.306,1.625,2.77,0.005,0.003,4202.0,3301.0,1.0
f[127],4.206,0.12,3.984,4.427,0.002,0.001,4048.0,2458.0,1.0
f[128],3.024,0.207,2.623,3.399,0.004,0.002,3480.0,3092.0,1.0
f[129],4.208,0.12,3.989,4.441,0.002,0.001,5207.0,3181.0,1.0
f[130],3.646,0.158,3.356,3.948,0.002,0.001,6293.0,3353.0,1.0
f[131],6.131,0.047,6.047,6.224,0.001,0.001,3868.0,3182.0,1.0
f[132],5.549,0.062,5.434,5.664,0.001,0.001,3845.0,3223.0,1.0
f[133],4.632,0.098,4.446,4.821,0.002,0.001,4233.0,3489.0,1.0
f[134],4.05,0.129,3.803,4.292,0.002,0.001,4210.0,3523.0,1.0
f[135],2.515,0.268,2.028,3.019,0.003,0.002,6343.0,3302.0,1.0
f[136],3.301,0.187,2.935,3.638,0.003,0.002,4854.0,3674.0,1.0
f[137],2.981,0.212,2.594,3.393,0.003,0.002,4792.0,3866.0,1.0
f[138],3.474,0.167,3.166,3.782,0.003,0.002,4094.0,3358.0,1.0
f[139],2.614,0.25,2.147,3.079,0.004,0.003,4376.0,3191.0,1.0
f[140],2.788,0.232,2.354,3.229,0.003,0.002,4462.0,3006.0,1.0
f[141],2.182,0.302,1.616,2.732,0.004,0.003,5199.0,3441.0,1.0
f[142],1.966,0.332,1.367,2.602,0.004,0.003,5608.0,3803.0,1.0
f[143],2.755,0.242,2.318,3.204,0.004,0.003,4460.0,3619.0,1.0
f[144],2.434,0.277,1.923,2.947,0.004,0.003,4776.0,3607.0,1.0
f[145],2.595,0.257,2.134,3.085,0.004,0.003,4493.0,3534.0,1.0
f[146],3.082,0.206,2.709,3.478,0.003,0.002,4133.0,2887.0,1.0
f[147],1.117,0.446,0.253,1.895,0.006,0.004,5569.0,2987.0,1.0
f[148],2.324,0.287,1.806,2.885,0.004,0.003,4247.0,3077.0,1.0
f[149],2.211,0.298,1.679,2.806,0.004,0.003,4853.0,3539.0,1.0
f[150],3.305,0.187,2.924,3.63,0.003,0.002,4600.0,3190.0,1.0
f[151],3.229,0.192,2.851,3.578,0.003,0.002,3958.0,3533.0,1.0
f[152],1.979,0.332,1.39,2.62,0.005,0.003,5314.0,3181.0,1.0
f[153],2.604,0.262,2.074,3.057,0.004,0.003,4237.0,3294.0,1.0
f[154],2.248,0.299,1.661,2.777,0.004,0.003,5368.0,3693.0,1.0
f[155],3.177,0.197,2.82,3.543,0.003,0.002,4320.0,3274.0,1.0
f[156],2.724,0.244,2.267,3.179,0.003,0.002,4922.0,3168.0,1.0
f[157],3.663,0.16,3.376,3.973,0.002,0.002,4296.0,2806.0,1.0
f[158],2.647,0.257,2.168,3.128,0.004,0.003,4443.0,3469.0,1.0
f[159],2.128,0.305,1.567,2.686,0.004,0.003,5022.0,3705.0,1.0
f[160],2.526,0.265,2.055,3.037,0.004,0.003,4706.0,3431.0,1.0
f[161],2.828,0.23,2.39,3.26,0.003,0.002,4442.0,3812.0,1.0
f[162],2.512,0.27,2.001,3.01,0.004,0.003,4448.0,3615.0,1.0
f[163],2.473,0.272,1.942,2.967,0.004,0.003,4385.0,3768.0,1.0
f[164],3.063,0.205,2.664,3.433,0.003,0.002,4530.0,3598.0,1.0
f[165],2.753,0.242,2.288,3.187,0.004,0.003,4494.0,3651.0,1.0
f[166],2.833,0.231,2.396,3.265,0.003,0.002,5062.0,3692.0,1.0
f[167],3.26,0.19,2.909,3.63,0.003,0.002,4210.0,3201.0,1.0
f[168],3.224,0.191,2.858,3.562,0.003,0.002,4088.0,3962.0,1.0
f[169],2.819,0.229,2.373,3.218,0.003,0.002,4841.0,3653.0,1.0
f[170],3.287,0.181,2.93,3.602,0.003,0.002,4238.0,3486.0,1.0
f[171],1.766,0.351,1.087,2.393,0.005,0.003,5402.0,3374.0,1.0
f[172],2.487,0.273,1.985,3.023,0.004,0.003,4752.0,3524.0,1.0
f[173],2.784,0.239,2.317,3.223,0.004,0.003,4437.0,3678.0,1.0
f[174],3.369,0.178,3.041,3.7,0.003,0.002,4309.0,3284.0,1.0
f[175],2.397,0.28,1.896,2.941,0.005,0.003,3888.0,3299.0,1.0
f[176],1.266,0.438,0.473,2.088,0.007,0.005,3900.0,2913.0,1.0
f[177],2.377,0.293,1.855,2.942,0.005,0.003,4001.0,2540.0,1.0
